"s撬R[h","s撬","s{R[h"
"2336","^_","46"
"2335","m","46"
"2334","a","46"
"2333","ɐ咬","46"
"2332","V钬","46"
"2331","V","46"
"2330","E","46"
"2329","}","46"
"2328","","46"
"2327","Zp","46"
"2326","˓","46"
"2325","F","46"
"2324","a","46"
"2323","v","46"
"2322","㉮v","46"
"2321","q","46"
"2320","q","46"
"2319","̕t","46"
"2318","","46"
"2317","э]","46"
"2316","ᕽ","46"
"2315","ǒ","46"
"2314","ǒ","46"
"2313","蒬","46"
"2312","L","46"
"2311","uzu","46"
"2310","R","46"
"2309","Pk","46"
"2308","N","46"
"2307","R","46"
"2306","l","46"
"2305","","46"
"2304","q","46"
"2303","쒬","46"
"2302","aӒ","46"
"2301","","46"
"2300","ǒ","46"
"2299","ؒ","46"
"2298","H","46"
"2297","","46"
"2296","","46"
"2295","쒬","46"
"2294","c","46"
"2293","ܒ","46"
"2292","","46"
"2291","s","46"
"2290","Ӓ","46"
"2289","m","46"
"2288","VÒ","46"
"2287","Y","46"
"2286","}","46"
"2285","J","46"
"2284","o","46"
"2283","R쒬","46"
"2282","\","46"
"2281","O","46"
"2280","]s","46"
"2279","us","46"
"2278","Fs","46"
"2277","s","46"
"2276","V\s","46"
"2275","s","46"
"2274","cs","46"
"2273","whs","46"
"2272","s","46"
"2271","os","46"
"2270","s","46"
"2269","vs","46"
"2268","ؖs","46"
"2267","s","46"
"2266","s","46"
"2265","s","46"
"2264","܃","45"
"2263","Ve","45"
"2262","䒬","45"
"2261","ŗt","45"
"2260","ˑ","45"
"2259","kY","45"
"2258","k쒬","45"
"2257","k","45"
"2256","k","45"
"2255","","45"
"2254","싽","45"
"2253","","45"
"2252","쒬","45"
"2251","s_","45"
"2250","쒬","45"
"2249","؏钬","45"
"2248","ėǑ","45"
"2247","Vx","45"
"2246","璬","45"
"2245","","45"
"2244","x","45"
"2243","","45"
"2242","{ؑ","45"
"2241","K","45"
"2240","","45"
"2239","蒬","45"
"2238","Rc","45"
"2237","钬","45"
"2236","RV","45"
"2235","OҒ","45"
"2234","싽","45"
"2233","k","45"
"2232","y","45"
"2231","c쒬","45"
"2230","","45"
"2229","т̎s","45"
"2228","ss","45"
"2227","Ԏs","45"
"2226","s","45"
"2225","юs","45"
"2224","s","45"
"2223","s","45"
"2222","ss","45"
"2221","{s","45"
"2220","쒬","44"
"2219","d","44"
"2218","o","44"
"2217","","44"
"2216","","44"
"2215","","44"
"2214","P","44"
"2213","","44"
"2212","Rzs","44"
"2211","Ls","44"
"2210","Fs","44"
"2209","nzs","44"
"2208","L㍂cs","44"
"2207","|cs","44"
"2206","Ëvs","44"
"2205","Pns","44"
"2204","s","44"
"2203","cs","44"
"2202","Îs","44"
"2201","ʕ{s","44"
"2200","啪s","44"
"2199","͉Y","43"
"2198","V","43"
"2197","k","43"
"2196","ܘa","43"
"2195","Va","43"
"2194","{","43"
"2193","qx","43"
"2192","䏊Y","43"
"2191","L","43"
"2190","蒬","43"
"2189","","43"
"2188","R]","43"
"2187","ܖؑ","43"
"2186","Ǒ","43"
"2185","㑺","43"
"2184","O","43"
"2183","ǖؒ","43"
"2182","ђ","43"
"2181","Óޖؒ","43"
"2180","k","43"
"2179","X쒬","43"
"2178","Rs","43"
"2177","b","43"
"2176","v钬","43"
"2175","Ó","43"
"2174","D","43"
"2173","숢h","43"
"2172","","43"
"2171","X","43"
"2170","YR","43"
"2169","","43"
"2168","쏬","43"
"2167","u","43"
"2166","u","43"
"2165","ez","43"
"2164","Ò","43"
"2163","Aؒ","43"
"2162","F","43"
"2161","֒","43"
"2160","Oa","43"
"2159","e","43"
"2158","ʓ","43"
"2157","V","43"
"2156","","43"
"2155","Ж","43"
"2154","","43"
"2153","x","43"
"2152","쒬","43"
"2151","hs","43"
"2150","Fs","43"
"2149","Vs","43"
"2148","Fys","43"
"2147","ers","43"
"2146","[s","43"
"2145","Rs","43"
"2144","{ns","43"
"2143","ʖs","43"
"2142","s","43"
"2141","rs","43"
"2140","lgs","43"
"2139","s","43"
"2138","F{s","43"
"2137","Vܓ","42"
"2136","X","42"
"2135","X","42"
"2134","","42"
"2133","]}","42"
"2132","铇","42"
"2131","","42"
"2130","Fv","42"
"2129","l꒬","42"
"2128","[]","42"
"2127","zÒ","42"
"2126","Lƒ","42"
"2125","Lƒ","42"
"2124","kLn","42"
"2123","Ln","42"
"2122","VÒ","42"
"2121","Í","42"
"2120","R","42"
"2119","l","42"
"2118","XΒ","42"
"2117","쒬","42"
"2116","Ȓ","42"
"2115","䒬","42"
"2114","","42"
"2113","L","42"
"2112","g","42"
"2111","I","42"
"2110","ދn","42"
"2109","ՊC","42"
"2108","Ò","42"
"2107","^","42"
"2106","Cs","42"
"2105","ܓs","42"
"2104","s","42"
"2103","Δns","42"
"2102","Ys","42"
"2101","ˎs","42"
"2100","呺s","42"
"2099","|s","42"
"2098","s","42"
"2097","ێs","42"
"2096","s","42"
"2095","쒬","41"
"2094","c","41"
"2093","ǒ","41"
"2092","Β","41"
"2091","]k","41"
"2090","咬","41"
"2089","k","41"
"2088","R","41"
"2087","Lc","41"
"2086","Lc","41"
"2085","C","41"
"2084","R","41"
"2083","݂₫","41"
"2082","","41"
"2081","R","41"
"2080","ҐU","41"
"2079","ҐU","41"
"2078","Oc쒬","41"
"2077","c","41"
"2076","_钬","41"
"2075","vۓc","41"
"2074","^꒬","41"
"2073","앛","41"
"2072","s","41"
"2071","s","41"
"2070","Ys","41"
"2069","ɖs","41"
"2068","vs","41"
"2067","s","41"
"2066","Îs","41"
"2065","s","41"
"2064","啽","40"
"2063","Vgx","40"
"2062","z钬","40"
"2061","gx","40"
"2060","œc","40"
"2059","LÒ","40"
"2058","R","40"
"2057","Ґ쒬","40"
"2056","c","40"
"2055","ԑ","40"
"2054","C","40"
"2053","钬","40"
"2052","Ԓr","40"
"2051","蒬","40"
"2050","c","40"
"2049","c","40"
"2048","Yc","40"
"2047","t","40"
"2046","c","40"
"2045","R쒬","40"
"2044","","40"
"2043","쑺","40"
"2042","","40"
"2041","L쒬","40"
"2040","Ԓ","40"
"2039","z","40"
"2038","ؒ","40"
"2037","ؒ","40"
"2036","品","40"
"2035","u","40"
"2034","䒬","40"
"2033","","40"
"2032","}O","40"
"2031","q","40"
"2030","fؒ","40"
"2029","oc","40"
"2028","","40"
"2027","g","40"
"2026","}䒬","40"
"2025","Õ䒬","40"
"2024","O䒬","40"
"2023","z","40"
"2022","j쒬","40"
"2021","{","40"
"2020","{c","40"
"2019","Ǝ蒬","40"
"2018","|","40"
"2017","꒬","40"
"2016","_","40"
"2015","","40"
"2014","","40"
"2013","","40"
"2012","vR","40"
"2011","V{","40"
"2010","{b","40"
"2009","uƒ","40"
"2008","I","40"
"2007","F","40"
"2006","߉ϐ쒬","40"
"2005","͎s","40"
"2004","Îs","40"
"2003","És","40"
"2002","Os","40"
"2001","ɕ{s","40"
"2000","@s","40"
"1999","s","40"
"1998","ts","40"
"1997","}s","40"
"1996","Ss","40"
"1995","Ԏs","40"
"1994","LOs","40"
"1993","ss","40"
"1992","s","40"
"1991","}s","40"
"1990","s","40"
"1989","Ö؎s","40"
"1988","Rcs","40"
"1987","s","40"
"1986","cs","40"
"1985","ђˎs","40"
"1984","s","40"
"1983","vĎs","40"
"1982","喴cs","40"
"1981","ǋ","40"
"1980","","40"
"1979","","40"
"1978","","40"
"1977","","40"
"1976","","40"
"1975","","40"
"1974","s","40"
"1973","","40"
"1972","","40"
"1971","q","40"
"1970","qk","40"
"1969","˔","40"
"1968","ᏼ","40"
"1967","i","40"
"1966","kBs","40"
"1965","O","39"
"1964","\a","39"
"1963","匎","39"
"1962","","39"
"1961","吳","39"
"1960","꒬","39"
"1959","Ö쒬","39"
"1958","","39"
"1957","쌩","39"
"1956","","39"
"1955","E쒬","39"
"1954","zm","39"
"1953","쒬","39"
"1952","y","39"
"1951","m쒬","39"
"1950","̒","39"
"1949","t쒬","39"
"1948","쑺","39"
"1947","y","39"
"1946","L","39"
"1945","{R","39"
"1944","","39"
"1943","g쑺","39"
"1942","k","39"
"1941","{","39"
"1940","s","39"
"1939","yRc","39"
"1938","","39"
"1937","ԉ","39"
"1936","|","39"
"1935","nH","39"
"1934","k쑺","39"
"1933","c","39"
"1932","c쒬","39"
"1931","ޔ","39"
"1930","m","39"
"1929","l\s","39"
"1928","ys","39"
"1927","hюs","39"
"1926","{s","39"
"1925","ys","39"
"1924","썑s","39"
"1923","|s","39"
"1922","ˎs","39"
"1921","ms","39"
"1920","쒬","38"
"1919","Sk","38"
"1918","쒬","38"
"1917","ɕ","38"
"1916","q","38"
"1915","u","38"
"1914","O","38"
"1913","v","38"
"1912","㓇","38"
"1911","s","38"
"1910","\s","38"
"1909","ls","38"
"1908","ɗ\s","38"
"1907","Fs","38"
"1906","s","38"
"1905","Vls","38"
"1904","ls","38"
"1903","Fas","38"
"1902","s","38"
"1901","Rs","38"
"1900","c","37"
"1899","Ll","37"
"1898","m","37"
"1897","lԒ","37"
"1896","L","37"
"1895","쌴","37"
"1894","O쒬","37"
"1893","R{","37"
"1892","","37"
"1891","쒬","37"
"1890","xÒ","37"
"1889","Օ","37"
"1888","Z","37"
"1887","Փ쒬","37"
"1886","FÒ","37"
"1885","","37"
"1884","쒬","37"
"1883","㒬","37"
"1882","","37"
"1881","쒬","37"
"1880","쒬","37"
"1879","","37"
"1878","璬","37"
"1877","Oؒ","37"
"1876","rc","37"
"1875","y","37"
"1874","C","37"
"1873","s","37"
"1872","ʂs","37"
"1871","ωs","37"
"1870","Pʎs","37"
"1869","os","37"
"1868","ۋTs","37"
"1867","s","37"
"1866","cJR","36"
"1865","cJR","36"
"1864","OΒ","36"
"1863","쒬","36"
"1862","R钬","36"
"1861","rc","36"
"1860","OD","36"
"1859","O쒬","36"
"1858","邬","36"
"1857","","36"
"1856","쒬","36"
"1855","Z","36"
"1854","k","36"
"1853","Β","36"
"1852","","36"
"1851","C","36"
"1850","C쒬","36"
"1849","","36"
"1848","a","36"
"1847","R","36"
"1846","߉꒬","36"
"1845","HmY","36"
"1844","߉쒬","36"
"1843","_R","36"
"1842","Έ䒬","36"
"1841","߉͓","36"
"1840","㏟","36"
"1839","Y","36"
"1838","ns","36"
"1837","gs","36"
"1836","gs","36"
"1835","s","36"
"1834","s","36"
"1833","s","36"
"1832","s","36"
"1831","","35"
"1830","","35"
"1829","HF","35"
"1828","","35"
"1827","","35"
"1826","cz{","35"
"1825","֒","35"
"1824","a","35"
"1823","쒬","35"
"1822","ђ","35"
"1821","","35"
"1820","{","35"
"1819","ϒ","35"
"1818","RF","35"
"1817","aؒ","35"
"1816","h哇","35"
"1815","Rzcs","35"
"1814","s","35"
"1813","Is","35"
"1812","s","35"
"1811","s","35"
"1810","s","35"
"1809","⍑s","35"
"1808","s","35"
"1807","h{s","35"
"1806","s","35"
"1805","Rs","35"
"1804","Fs","35"
"1803","֎s","35"
"1802","_΍","34"
"1801","_Ӓ","34"
"1800","","34"
"1799","㓇","34"
"1798","˓c","34"
"1797","kL","34"
"1796","|c","34"
"1795","{","34"
"1794","쒬","34"
"1793","⒬","34"
"1792","F쒬","34"
"1791","Cc","34"
"1790","{","34"
"1789","]cs","34"
"1788","|cs","34"
"1787","ss","34"
"1786","Ls","34"
"1785","|s","34"
"1784","s","34"
"1783","Os","34"
"1782","{s","34"
"1781","Rs","34"
"1780","s","34"
"1779","s","34"
"1778","Os","34"
"1777","|s","34"
"1776","s","34"
"1775","","34"
"1774","|","34"
"1773","k","34"
"1772","","34"
"1771","","34"
"1770","","34"
"1769","","34"
"1768","","34"
"1767","Ls","34"
"1766","g","33"
"1765","璬","33"
"1764","vē쒬","33"
"1763","q","33"
"1762","ދ`","33"
"1761","","33"
"1760","쒬","33"
"1759","V","33"
"1758","|","33"
"1757","","33"
"1756","񓇒","33"
"1755","","33"
"1754","","33"
"1753","","33"
"1752","aC","33"
"1751","","33"
"1750","˒","33"
"1749","","33"
"1748","s","33"
"1747","^s","33"
"1746","Ԕ֎s","33"
"1745","˓s","33"
"1744","Os","33"
"1743","Vs","33"
"1742","s","33"
"1741","Ўs","33"
"1740","䌴s","33"
"1739","}s","33"
"1738","ʖs","33"
"1737","ÎRs","33"
"1736","q~s","33"
"1735","Rs","33"
"1734","B̓","32"
"1733","mv","32"
"1732","m","32"
"1731","Cm","32"
"1730","g꒬","32"
"1729","Øa쒬","32"
"1728","W쒬","32"
"1727","","32"
"1726","{","32"
"1725","쒬","32"
"1724","ѓ쒬","32"
"1723","o_","32"
"1722","o_","32"
"1721","_s","32"
"1720","]Îs","32"
"1719","s","32"
"1718","cs","32"
"1717","vcs","32"
"1716","o_s","32"
"1715","lcs","32"
"1714","]s","32"
"1713","]{","31"
"1712","쒬","31"
"1711","쒬","31"
"1710","˒","31"
"1709","암","31"
"1708","R","31"
"1707","gÑ","31"
"1706","kh","31"
"1705","ՉY","31"
"1704","l","31"
"1703","O","31"
"1702","","31"
"1701","q","31"
"1700","","31"
"1699","","31"
"1698","`s","31"
"1697","qgs","31"
"1696","Ďqs","31"
"1695","s","31"
"1694","{","30"
"1693","kR","30"
"1692","Í쒬","30"
"1691","n","30"
"1690","ߒqY","30"
"1689","ݒ","30"
"1688","u쒬","30"
"1687","xc","30"
"1686","l","30"
"1685","쒬","30"
"1684","݂Ȃג","30"
"1683","쒬","30"
"1682","Rǒ","30"
"1681","","30"
"1680","l","30"
"1679","","30"
"1678","","30"
"1677","g","30"
"1676","L쒬","30"
"1675","","30"
"1674","쒬","30"
"1673","xR","30"
"1672","","30"
"1671","炬","30"
"1670","o","30"
"1669","Mu쒬","30"
"1668","R","30"
"1667","߉꒬","30"
"1666","͒","30"
"1665","œc","30"
"1664","","30"
"1663","㒬","30"
"1662","V{s","30"
"1661","cӎs","30"
"1660","Vs","30"
"1659","Lcs","30"
"1658","{s","30"
"1657","Cs","30"
"1656","a̎Rs","30"
"1655","g쑺","29"
"1654","㑺","29"
"1653","kR","29"
"1652","kR","29"
"1651","\Ð쑺","29"
"1650","씗쑺","29"
"1649","V쑺","29"
"1648","ꑺ","29"
"1647","s","29"
"1646","嗄","29"
"1645","g쒬","29"
"1644","͍","29"
"1643","L˒","29"
"1642","","29"
"1641","q","29"
"1640","","29"
"1639","撬","29"
"1638","","29"
"1637","]","29"
"1636","","29"
"1635","Y","29"
"1634","pc쒬","29"
"1633","Fɒ","29"
"1632","c{","29"
"1631","O","29"
"1630","쐼","29"
"1629","g","29"
"1628","","29"
"1627","O","29"
"1626","Q","29"
"1625","RY","29"
"1624","s","29"
"1623","Ŏs","29"
"1622","s","29"
"1621","䏊s","29"
"1620","ܞs","29"
"1619","s","29"
"1618","s","29"
"1617","Vs","29"
"1616","aSRs","29"
"1615","acs","29"
"1614","ޗǎs","29"
"1613","ܐF","28"
"1612","V","28"
"1611","","28"
"1610","x","28"
"1609","p","28"
"1608","S","28"
"1607","q","28"
"1606","͓","28"
"1605","","28"
"1604","蒬","28"
"1603","s쒬","28"
"1602","_蒬","28"
"1601","O","28"
"1600","Ɠ","28"
"1599","d","28"
"1598","","28"
"1597","㒬","28"
"1596","","28"
"1595","","28"
"1594","","28"
"1593","쒬","28"
"1592","В","28"
"1591","g쒬","28"
"1590","쒬","28"
"1589","̎s","28"
"1588","s","28"
"1587","WHs","28"
"1586","s","28"
"1585","삠킶s","28"
"1584","Ogs","28"
"1583","{s","28"
"1582","Rs","28"
"1581","s","28"
"1580","Ocs","28"
"1579","s","28"
"1578","쐼s","28"
"1577","s","28"
"1576","O؎s","28"
"1575","s","28"
"1574","es","28"
"1573","ԕs","28"
"1572","Ðs","28"
"1571","Ls","28"
"1570","s","28"
"1569","ɒOs","28"
"1568","s","28"
"1567","F{s","28"
"1566","{s","28"
"1565","Ύs","28"
"1564","s","28"
"1563","PHs","28"
"1562","","28"
"1561","","28"
"1560","k","28"
"1559","","28"
"1558","{","28"
"1557","c","28"
"1556","ɋ","28"
"1555","","28"
"1554","","28"
"1553","_ˎs","28"
"1552","瑁ԍ㑺","27"
"1551","͓쒬","27"
"1550","q","27"
"1549","","27"
"1548","cK","27"
"1547","F撬","27"
"1546","","27"
"1545","\","27"
"1544","L\","27"
"1543","{","27"
"1542","s","27"
"1541","㋷Rs","27"
"1540","s","27"
"1539","ls","27"
"1538","s","27"
"1537","s","27"
"1536","䎛s","27"
"1535","Ύs","27"
"1534","ےÎs","27"
"1533","^s","27"
"1532","Hgs","27"
"1531","s","27"
"1530","ʎs","27"
"1529","as","27"
"1528","哌s","27"
"1527","s","27"
"1526","͓s","27"
"1525","Qs","27"
"1524","xcюs","27"
"1523","򍲖s","27"
"1522","s","27"
"1521","؎s","27"
"1520","s","27"
"1519","s","27"
"1518","Lˎs","27"
"1517","Ύs","27"
"1516","Îs","27"
"1515","cs","27"
"1514","rcs","27"
"1513","Ls","27"
"1512","ݘacs","27"
"1511","s","27"
"1510","","27"
"1509","k","27"
"1508","","27"
"1507","ZV]","27"
"1506","ߌ","27"
"1505","","27"
"1504","","27"
"1503","Zg","27"
"1502","Zg","27"
"1501","{","27"
"1500","铌","27"
"1499","","27"
"1498","","27"
"1497","","27"
"1496","","27"
"1495","","27"
"1494","Q","27"
"1493","V","27"
"1492","吳","27"
"1491","`","27"
"1490","","27"
"1489","ԋ","27"
"1488","","27"
"1487","s","27"
"1486","s","27"
"1485","c쒬","26"
"1484","ɍ","26"
"1483","꒬","26"
"1482","x","26"
"1481","]","26"
"1480","v쒬","26"
"1479","Oa","26"
"1478","am","26"
"1477","䒬","26"
"1476","g","26"
"1475","Og","26"
"1474","ؒ","26"
"1473","","26"
"1472","R","26"
"1471","R鑺","26"
"1470","ؒ","26"
"1469","a","26"
"1468","}u","26"
"1467","Β","26"
"1466","ؒÒ","26"
"1465","R钬","26"
"1464","Fc","26"
"1463","蒬","26"
"1462","vR","26"
"1461","R蒬","26"
"1460","Os","26"
"1459","cӎs","26"
"1458","s","26"
"1457","s","26"
"1456","s","26"
"1455","zs","26"
"1454","Ts","26"
"1453","{Îs","26"
"1452","Fs","26"
"1451","s","26"
"1450","ߎs","26"
"1449","mRs","26"
"1448","","26"
"1447","Rȋ","26"
"1446","","26"
"1445","E","26"
"1444","","26"
"1443","","26"
"1442","R","26"
"1441","","26"
"1440","","26"
"1439","㋞","26"
"1438","k","26"
"1437","ss","26"
"1436","䒬","25"
"1435","]","25"
"1434","ؔV{","25"
"1433","","25"
"1432","т풬","25"
"1431","Ζk","25"
"1430","ՕP","25"
"1429","䒬","25"
"1428","꒬","25"
"1427","bǒ","25"
"1426","L","25"
"1425","m쒬","25"
"1424","`","25"
"1423","\o쒬","25"
"1422","","25"
"1421","쒬","25"
"1420","","25"
"1419","y","25"
"1418","u꒬","25"
"1417","Čs","25"
"1416","ߍ]s","25"
"1415","s","25"
"1414","Γs","25"
"1413","Fs","25"
"1412","bs","25"
"1411","Is","25"
"1410","Rs","25"
"1409","Îs","25"
"1408","ߍ]s","25"
"1407","ls","25"
"1406","Fs","25"
"1405","Îs","25"
"1404","La","24"
"1403","Ia","24"
"1402","I","24"
"1401","l","24"
"1400","CR","24"
"1399","Iɒ","24"
"1398","ɐ","24"
"1397","I","24"
"1396","x","24"
"1395","䉒","24"
"1394","","24"
"1393","񌩒","24"
"1392","ʏ钬","24"
"1391","{쑺","24"
"1390","a","24"
"1389","䒬","24"
"1388","a","24"
"1387","C","24"
"1386","","24"
"1385","R","24"
"1384","u","24"
"1383","ǏF","24"
"1382","Z","24"
"1381","","24"
"1380","|Z","24"
"1379","͌|","24"
"1378","z","24"
"1377","","24"
"1376","Ԗ쒬","24"
"1375","","24"
"1374","ؑ]","24"
"1373","ɉs","24"
"1372","us","24"
"1371","Ȃ׎s","24"
"1370","vs","24"
"1369","Fs","24"
"1368","Hs","24"
"1367","TRs","24"
"1366","hs","24"
"1365","s","24"
"1364","鎭s","24"
"1363","Ks","24"
"1362","s","24"
"1361","ɐs","24"
"1360","lss","24"
"1359","Îs","24"
"1358","Ò","23"
"1357","䒬","23"
"1356","{","23"
"1355","H","23"
"1354","xR","23"
"1353","L","23"
"1352","h","23"
"1351","݊y","23"
"1350","OD","23"
"1349","zc","23"
"1348","Kc","23"
"1347","","23"
"1346","gǒ","23"
"1345","F","23"
"1344","L","23"
"1343","l","23"
"1342","m","23"
"1341","Y","23"
"1340","v䒬","23"
"1339","x","23"
"1338","򓇑","23"
"1337","\lR","23"
"1336","I]","23"
"1335","厡","23"
"1334","rڎ","23"
"1333","a","23"
"1332","","23"
"1331","}K","23"
"1330","","23"
"1329","t","23"
"1328","t","23"
"1327","t","23"
"1326","LR","23"
"1325","v蒬","23"
"1324","","23"
"1323","{s","23"
"1322","s","23"
"1321","cs","23"
"1320","is","23"
"1319","Ls","23"
"1318","qs","23"
"1317","ls","23"
"1316","s","23"
"1315","ms","23"
"1314","ms","23"
"1313","{s","23"
"1312","Cs","23"
"1311","Vs","23"
"1310","s","23"
"1309","qs","23"
"1308","]s","23"
"1307","튊s","23"
"1306","Rs","23"
"1305","Ss","23"
"1304","s","23"
"1303","s","23"
"1302","Lcs","23"
"1301","Js","23"
"1300","ɓs","23"
"1299","Ós","23"
"1298","Ls","23"
"1297","ts","23"
"1296","cs","23"
"1295","ˎs","23"
"1294","{s","23"
"1293","s","23"
"1292","Ls","23"
"1291","V","23"
"1290","","23"
"1289","΋","23"
"1288","R","23"
"1287","","23"
"1286","`","23"
"1285","","23"
"1284","Mc","23"
"1283","","23"
"1282","a","23"
"1281","","23"
"1280","","23"
"1279","","23"
"1278","k","23"
"1277","","23"
"1276","","23"
"1275","És","23"
"1274","V","22"
"1273","X","22"
"1272","썪{","22"
"1271","썪","22"
"1270","gc","22"
"1269","Y","22"
"1268","ǒ","22"
"1267","쒬","22"
"1266","","22"
"1265","R䒬","22"
"1264","","22"
"1263","xm쒬","22"
"1262","Ő쒬","22"
"1261","R","22"
"1260","","22"
"1259","","22"
"1258","쒬","22"
"1257","ɓ","22"
"1256","蒬","22"
"1255","ɓ","22"
"1254","͒Ò","22"
"1253","ɓ","22"
"1252","ɓ̍s","22"
"1251","es","22"
"1250","Os","22"
"1249","ɓs","22"
"1248","ΐs","22"
"1247","s","22"
"1246","cs","22"
"1245","܈s","22"
"1244","as","22"
"1243","}s","22"
"1242","|s","22"
"1241","ĒÎs","22"
"1240","֓cs","22"
"1239","xms","22"
"1238","cs","22"
"1237","ɓs","22"
"1236","xm{s","22"
"1235","Os","22"
"1234","MCs","22"
"1233","Îs","22"
"1232","ls","22"
"1231","","22"
"1230","x͋","22"
"1229","","22"
"1228","És","22"
"1227","쑺","21"
"1226","}","21"
"1225","䐓","21"
"1224","쑺","21"
"1223","쒬","21"
"1222","SÒ","21"
"1221","@","21"
"1220","Ӓ","21"
"1219","x","21"
"1218","j","21"
"1217","k","21"
"1216","rc","21"
"1215","쒬","21"
"1214","K쒬","21"
"1213","n","21"
"1212","","21"
"1211","֔V","21"
"1210","_˒","21"
"1209","փP","21"
"1208","䒬","21"
"1207","ΒÒ","21"
"1206","{V","21"
"1205","Ò","21"
"1204","}","21"
"1203","쒬","21"
"1202","CÎs","21"
"1201","Cs","21"
"1200","Ss","21"
"1199","{s","21"
"1198","ˎs","21"
"1197","s","21"
"1196","Rs","21"
"1195","s","21"
"1194","es","21"
"1193","ys","21"
"1192","ZΎs","21"
"1191","bߎs","21"
"1190","Hs","21"
"1189","Qs","21"
"1188","Zs","21"
"1187","Ðs","21"
"1186","֎s","21"
"1185","s","21"
"1184","Rs","21"
"1183","_s","21"
"1182","򕌎s","21"
"1181","h","20"
"1180","эj","20"
"1179","","20"
"1178","쑺","20"
"1177","MZ","20"
"1176","MBV","20"
"1175","򉷐","20"
"1174","ؓ","20"
"1173","Rm","20"
"1172","R","20"
"1171","z{","20"
"1170","钬","20"
"1169","J","20"
"1168","n","20"
"1167","","20"
"1166","⑺","20"
"1165","쑺","20"
"1164","rc","20"
"1163","","20"
"1162","R`","20"
"1161","gc","20"
"1160","⑺","20"
"1159","䑺","20"
"1158","ё","20"
"1157","k","20"
"1156","{鑺","20"
"1155","K","20"
"1154","ꑺ","20"
"1153","Ox","20"
"1152","Jc","20"
"1151","`","20"
"1150","ؑc","20"
"1149","ؑ]","20"
"1148","㏼","20"
"1147","ؑ]","20"
"1146","厭","20"
"1145","Lu","20"
"1144","ؑ","20"
"1143","ו","20"
"1142","V","20"
"1141","ؑ","20"
"1140","","20"
"1139","H","20"
"1138","J","20"
"1137","Q","20"
"1136","q","20"
"1135","H","20"
"1134","쒬","20"
"1133","X","20"
"1132","쒬","20"
"1131","{c","20"
"1130","J","20"
"1129","쑺","20"
"1128","얥֑","20"
"1127","ѓ","20"
"1126","֒","20"
"1125","C쒬","20"
"1124","","20"
"1123","","20"
"1122","xm","20"
"1121","zK","20"
"1120","a","20"
"1119","ؑ","20"
"1118","Α","20"
"1117","^c","20"
"1116","ێq","20"
"1115","Ȓ","20"
"1114","c","20"
"1113","y","20"
"1112","v䒬","20"
"1111","kؑ","20"
"1110","쑊ؑ","20"
"1109","q","20"
"1108","㑺","20"
"1107","C","20"
"1106","ܖs","20"
"1105","s","20"
"1104","Ȏs","20"
"1103","vs","20"
"1102","Ks","20"
"1101","s","20"
"1100","юRs","20"
"1099","咬s","20"
"1098","s","20"
"1097","s","20"
"1096","ɓߎs","20"
"1095","s","20"
"1094","{s","20"
"1093","zKs","20"
"1092","ѓcs","20"
"1091","Js","20"
"1090","cs","20"
"1089","{s","20"
"1088","s","20"
"1087","OgR","19"
"1086","","19"
"1085","xm͌Β","19"
"1084","","19"
"1083","RΑ","19"
"1082","E쑺","19"
"1081","j","19"
"1080","u","19"
"1079","","19"
"1078","cx","19"
"1077","a","19"
"1076","ʕ䒬","19"
"1075","암","19"
"1074","g","19"
"1073","쒬","19"
"1072","","19"
"1071","䒬","19"
"1070","sO","19"
"1069","F","19"
"1068","Lx","19"
"1067","쑺","19"
"1066","","19"
"1065","a","19"
"1064","","19"
"1063","쌴s","19"
"1062","Js","19"
"1061","bs","19"
"1060","kms","19"
"1059","AvXs","19"
"1058","Bs","19"
"1057","匎s","19"
"1056","Rs","19"
"1055","ss","19"
"1054","Rs","19"
"1053","xmgcs","19"
"1052","b{s","19"
"1051","ዷ","18"
"1050","ђ","18"
"1049","l","18"
"1048","c","18"
"1047","l","18"
"1046","","18"
"1045","zU","18"
"1044","zO","18"
"1043","zO","18"
"1042","rc","18"
"1041","䒬","18"
"1040","t]","18"
"1039","ۉ","18"
"1038","O","18"
"1037","a","18"
"1036","u䑺","18"
"1035","i","18"
"1034","","18"
"1033","R","18"
"1032","zOs","18"
"1031","s","18"
"1030","I]s","18"
"1029","Rs","18"
"1028","s","18"
"1027","ls","18"
"1026","։s","18"
"1025","s","18"
"1024","\o","17"
"1023","O","17"
"1022","","17"
"1021","\o","17"
"1020","Bu","17"
"1019","u꒬","17"
"1018","咬","17"
"1017","Ô","17"
"1016","Xs","17"
"1015","k","17"
"1014","\s","17"
"1013","Rs","17"
"1012","قs","17"
"1011","Hs","17"
"1010","s","17"
"1009","Fs","17"
"1008","֓s","17"
"1007","s","17"
"1006","s","17"
"1005","s","17"
"1004","","16"
"1003","哇","16"
"1002","","16"
"1001","咬","16"
"1000","","16"
"999","","16"
"998","P","16"
"997","Fތ","16"
"996","R","16"
"995","s","16"
"994","M","16"
"993","vs","16"
"992","s","16"
"991","vgs","16"
"990","s","16"
"989","s","16"
"988","Xs","16"
"987","Îs","16"
"986","Vs","16"
"985","s","16"
"984","xRs","16"
"983","Y","15"
"982","Rk","15"
"981","","15"
"980","_ё","15"
"979","r쒬","15"
"978","֐쑺","15"
"977","H","15"
"976","Ó쒬","15"
"975","","15"
"974","","15"
"973","","15"
"972","o_蒬","15"
"971","a","15"
"970","^","15"
"969","꒬","15"
"968","c㒬","15"
"967","","15"
"966","gc","15"
"965","","15"
"964","F","15"
"963","","15"
"962","Ē","15"
"961","ٓs","15"
"960","싛s","15"
"959","s","15"
"958","ns","15"
"957","s","15"
"956","zs","15"
"955","ܐs","15"
"954","s","15"
"953","s","15"
"952","Ȕs","15"
"951","s","15"
"950","s","15"
"949","s","15"
"948","\s","15"
"947","Ύs","15"
"946","Js","15"
"945","Vcs","15"
"944","s","15"
"943","Os","15"
"942","s","15"
"941","Vs","15"
"940","쒬","14"
"939","͌Β","14"
"938","Ëv䒬","14"
"937","R","14"
"936","쑺","14"
"935","쒬","14"
"934","͌","14"
"933","^ߒ","14"
"932","","14"
"931","J","14"
"930","Rk","14"
"929","c","14"
"928","䒬","14"
"927","䒬","14"
"926","{","14"
"925","钬","14"
"924","쒬","14"
"923","tR","14"
"922","s","14"
"921","쑫s","14"
"920","Ԏs","14"
"919","CVs","14"
"918","ɐs","14"
"917","as","14"
"916","؎s","14"
"915","`s","14"
"914","OYs","14"
"913","͌s","14"
"912","qs","14"
"911","s","14"
"910","cs","14"
"909","s","14"
"908","qs","14"
"907","ˎs","14"
"906","{s","14"
"905","","14"
"904","{O","14"
"903","","14"
"902","Ë","14"
"901","","14"
"900","K","14"
"899","","14"
"898","s","14"
"897","s}","14"
"896","t","14"
"895","","14"
"894","h","14"
"893","J","14"
"892","΋","14"
"891","","14"
"890","`","14"
"889","˒ˋ","14"
"888","`k","14"
"887","","14"
"886","q","14"
"885","ۓyPJ","14"
"884","","14"
"883","","14"
"882","","14"
"881","_ސ","14"
"880","ߌ","14"
"879","ls","14"
"878","}","13"
"877","","13"
"876","䒬","13"
"875","䑠","13"
"874","O","13"
"873","_Ó","13"
"872","V","13"
"871","","13"
"870","哇","13"
"869","","13"
"868","w","13"
"867","̏o","13"
"866","䒬","13"
"865","s","13"
"864","s","13"
"863","Hs","13"
"862","s","13"
"861","s","13"
"860","Rs","13"
"859","vĎs","13"
"858","s","13"
"857","as","13"
"856","]s","13"
"855","s","13"
"854","s","13"
"853","s","13"
"852","Rs","13"
"851","s","13"
"850","s","13"
"849","s","13"
"848","cs","13"
"847","zs","13"
"846","s","13"
"845","{s","13"
"844","~s","13"
"843","Os","13"
"842","s","13"
"841","s","13"
"840","qs","13"
"839","]ː","13"
"838","","13"
"837","","13"
"836","n","13"
"835","","13"
"834","r","13"
"833","k","13"
"832","L","13"
"831","","13"
"830","","13"
"829","aJ","13"
"828","cJ","13"
"827","c","13"
"826","ڍ","13"
"825","i","13"
"824","]","13"
"823","nc","13"
"822","䓌","13"
"821","","13"
"820","Vh","13"
"819","`","13"
"818","","13"
"817","c","13"
"816","ʋ敔","13"
"815","ac","12"
"814","ێR","12"
"813","q","12"
"812","l","12"
"811","OF","12"
"810","쒬","12"
"809","xR","12"
"808","xY","12"
"807","","12"
"806","匴","12"
"805","h","12"
"804","΋","12"
"803","命쒬","12"
"802","쒬","12"
"801","","12"
"800","q","12"
"799","","12"
"798","r","12"
"797","{","12"
"796","ŎR","12"
"795","Œ","12"
"794","","12"
"793","@","12"
"792","R","12"
"791","","12"
"790","\㗢","12"
"789","Ԕ","12"
"788","h","12"
"787","","12"
"786","","12"
"785","Ò","12"
"784","I","12"
"783","Rc","12"
"782","쒬","12"
"781","h","12"
"780","_蒬","12"
"779","","12"
"778","h","12"
"777","{W","12"
"776","ב","12"
"775","X䒬","12"
"774","xs","12"
"773","s","12"
"772","󐼎s","12"
"771","Xs","12"
"770","Ys","12"
"769","lXs","12"
"768","Ys","12"
"767","xÎs","12"
"766","NÎs","12"
"765","PJs","12"
"764","s","12"
"763","䑷qs","12"
"762","s","12"
"761","Rs","12"
"760","ss","12"
"759","Ys","12"
"758","s","12"
"757","Kus","12"
"756","s","12"
"755","ss","12"
"754","s","12"
"753","qs","12"
"752","cs","12"
"751","Όs","12"
"750","s","12"
"749","cs","12"
"748","ˎs","12"
"747","؍XÎs","12"
"746","َRs","12"
"745","Ds","12"
"744","ss","12"
"743","qs","12"
"742","l","12"
"741","΋","12"
"740","t","12"
"739","ы","12"
"738","Ԍ","12"
"737","","12"
"736","ts","12"
"735","","11"
"734","˒","11"
"733","h{","11"
"732","I","11"
"731","Ҋ","11"
"730","","11"
"729","{㒬","11"
"728","嗘","11"
"727","kӒ","11"
"726","͌","11"
"725","R","11"
"724","񋏒","11"
"723","ԉ","11"
"722","{","11"
"721","","11"
"720","]쒬","11"
"719","㗢","11"
"718","_","11"
"717","_쒬","11"
"716","ʒ","11"
"715","","11"
"714","","11"
"713","쒬","11"
"712","Ғ","11"
"711","F쒬","11"
"710","","11"
"709","R","11"
"708","g","11"
"707","쓇","11"
"706","ʐ쑺","11"
"705","s쑺","11"
"704","쒬","11"
"703","R","11"
"702","쒬","11"
"701","z","11"
"700","јCR","11"
"699","OF","11"
"698","ɓޒ","11"
"697","ӂݖs","11"
"696","gs","11"
"695","s","11"
"694","߃s","11"
"693","Ks","11"
"692","ˎs","11"
"691","@cs","11"
"690","Os","11"
"689","xms","11"
"688","s","11"
"687","k{s","11"
"686","vs","11"
"685","s","11"
"684","Vs","11"
"683","as","11"
"682","u؎s","11"
"681","s","11"
"680","Js","11"
"679","Ԏs","11"
"678","˓cs","11"
"677","ns","11"
"676","zJs","11"
"675","s","11"
"674","s","11"
"673","[Js","11"
"672","s","11"
"671","Hs","11"
"670","Rs","11"
"669","ts","11"
"668","Rs","11"
"667","{s","11"
"666","{s","11"
"665","є\s","11"
"664","s","11"
"663","s","11"
"662","scs","11"
"661","s","11"
"660","FJs","11"
"659","zs","11"
"658","΋","11"
"657","΋","11"
"656","","11"
"655","Ya","11"
"654","","11"
"653","","11"
"652","","11"
"651","{","11"
"650","k","11"
"649","","11"
"648","܎s","11"
"647","Wy","10"
"646","","10"
"645","c","10"
"644","a","10"
"643","q","10"
"642","ԁX","10"
"641","}","10"
"640","ʑ","10"
"639","݂Ȃݒ","10"
"638","a","10"
"637","ꑺ","10"
"636","Еi","10"
"635","R","10"
"634","Z","10"
"633","Ò","10"
"632","ڗ","10"
"631","쌴","10"
"630","Ȓ","10"
"629","","10"
"628","V","10"
"627","c","10"
"626","Êy","10"
"625","q","10"
"624","mc","10"
"623","`","10"
"622","_","10"
"621","쑺","10"
"620","g䒬","10"
"619","SΒ","10"
"618","V","10"
"617","g","10"
"616","Y","10"
"615","ɍے","10"
"614","㑺","10"
"613","q","10"
"612","Qn","10"
"611","","10"
"610","q","10"
"609","Y","10"
"608","","10"
"607","xm","10"
"606","ԏ鑺","10"
"605","kk","10"
"604","s","10"
"603","xs","10"
"602","s","10"
"601","as","10"
"600","ٗюs","10"
"599","cs","10"
"598","cs","10"
"597","ɐs","10"
"596","ːs","10"
"595","s","10"
"594","Os","10"
"593","߉ϐ쒬","9"
"592","ߐ{","9"
"591","","9"
"590","J","9"
"589","","9"
"588","IR","9"
"587","s꒬","9"
"586","M","9"
"585","","9"
"584","啽","9"
"583","ؒ","9"
"582","","9"
"581","΋","9"
"580","p","9"
"579","F꒬","9"
"578","sL","9"
"577","Ζؒ","9"
"576","vq","9"
"575","{","9"
"574","","9"
"573","쒬","9"
"572","","9"
"571","͓","9"
"570","͓","9"
"569","͓","9"
"568","O쒬","9"
"567","ߐ{GRs","9"
"566","s","9"
"565","ߐ{s","9"
"564","s","9"
"563","cs","9"
"562","^s","9"
"561","Rs","9"
"560","ss","9"
"559","s","9"
"558","s","9"
"557","s","9"
"556","Ȗ؎s","9"
"555","s","9"
"554","Fs{s","9"
"553","","8"
"552","","8"
"551","܉","8"
"550","Ή","8"
"549","쑺","8"
"548","㒬","8"
"547","Ja","8"
"546","ɓޒ","8"
"545","V","8"
"544","ʗ","8"
"543","͓","8"
"542","","8"
"541","Y","8"
"540","m","8"
"539","gc","8"
"538","","8"
"537","q","8"
"536","C","8"
"535","Ԓ","8"
"534","F","8"
"533","闢","8"
"532","","8"
"531","엢","8"
"530","쒬","8"
"529","钬","8"
"528","ss","8"
"527","_s","8"
"526","s","8"
"525","݂s","8"
"524","~s","8"
"523","Ⓦs","8"
"522","}s","8"
"521","߉ώs","8"
"520","헤{s","8"
"519","Js","8"
"518","s","8"
"517","s","8"
"516","ЂȂs","8"
"515","Ύs","8"
"514","vs","8"
"513","s","8"
"512","}Ԏs","8"
"511","ks","8"
"510","s","8"
"509","헤cs","8"
"508","Cs","8"
"507","Ȏs","8"
"506","Ps","8"
"505","s","8"
"504","Ήs","8"
"503","É͎s","8"
"502","yYs","8"
"501","s","8"
"500","ˎs","8"
"499","ъڑ","7"
"498","","7"
"497","","7"
"496","Vn","7"
"495","","7"
"494","Q]","7"
"493","ot","7"
"492","F","7"
"491","","7"
"490","x","7"
"489","t","7"
"488","L쒬","7"
"487","쒬","7"
"486","Ot","7"
"485","Óa","7"
"484","쒬","7"
"483","c","7"
"482","ʐ쑺","7"
"481","ΐ쒬","7"
"480","L쑺","7"
"479","","7"
"478","Ւ","7"
"477","Iq","7"
"476","M","7"
"475","","7"
"474","","7"
"473","葺","7"
"472","","7"
"471","\","7"
"470","","7"
"469","Ô","7"
"468","a","7"
"467","R","7"
"466","O","7"
"465","͓","7"
"464","Ò","7"
"463","쑺","7"
"462","Í≺","7"
"461","c㒬","7"
"460","֒","7"
"459","","7"
"458","Ò","7"
"457","Rs","7"
"456","쒬","7"
"455","k","7"
"454","M[","7"
"453","","7"
"452","싽","7"
"451","ɓ쑺","7"
"450","w}","7"
"449","ڊ⑺","7"
"448","","7"
"447","c","7"
"446","Vh","7"
"445","Β","7"
"444","a","7"
"443","㒬","7"
"442","","7"
"441","{{","7"
"440","ʑ","7"
"439","B","7"
"438","і쒬","7"
"437","얓","7"
"436","ڒ","7"
"435","R","7"
"434","ی","7"
"433","쒬","7"
"432","","7"
"431","ɒB","7"
"430","Kܒ","7"
"429","cs","7"
"428","{s","7"
"427","ns","7"
"426","쑽s","7"
"425","{s","7"
"424","s","7"
"423","͎s","7"
"422","킫s","7"
"421","SRs","7"
"420","Îᏼs","7"
"419","s","7"
"418","c","6"
"417","R","6"
"416","","6"
"415","V","6"
"414","","6"
"413","O쒬","6"
"412","іL","6"
"411","钬","6"
"410","","6"
"409","쐼","6"
"408","","6"
"407","ˑ","6"
"406","쑺","6"
"405","呠","6"
"404","^쒬","6"
"403","M`","6"
"402","ŏ㒬","6"
"401","R","6"
"400","Γc","6"
"399","]","6"
"398","","6"
"397","쒬","6"
"396","͖k","6"
"395","R","6"
"394","RӒ","6"
"393","zs","6"
"392","ԑs","6"
"391","s","6"
"390","Vs","6"
"389","s","6"
"388","Rs","6"
"387","Rs","6"
"386","͍]s","6"
"385","Vs","6"
"384","cs","6"
"383","߉s","6"
"382","đs","6"
"381","R`s","6"
"380","","5"
"379","H㒬","5"
"378","","5"
"377","劃","5"
"376","쒬","5"
"375","Y","5"
"374","܏ڒ","5"
"373","l","5"
"372","","5"
"371","","5"
"370","R{","5"
"369","X","5"
"368","c䒬","5"
"367","Ջu","5"
"366","㏬m","5"
"365","⒬","5"
"364","ks","5"
"363","ɂَs","5"
"362","kHcs","5"
"361","s","5"
"360","s","5"
"359","R{s","5"
"358","ps","5"
"357","s","5"
"356","js","5"
"355","َs","5"
"354","s","5"
"353","\s","5"
"352","Hcs","5"
"351","O","4"
"350","K","4"
"349","{g","4"
"348","쒬","4"
"347","싽","4"
"346","c","4"
"345","cK","4"
"344","OJ","4"
"343","q","4"
"342","oR","4"
"341","䒬","4"
"340","O{ؒ","4"
"339","R","4"
"338","","4"
"337","F","4"
"336","t","4"
"335","xJ","4"
"334","勽","4"
"333","a","4"
"332","{","4"
"331","l","4"
"330","","4"
"329","R","4"
"328","j","4"
"327","ېX","4"
"326","蒬","4"
"325","ēc","4"
"324","c","4"
"323","͌","4"
"322","h","4"
"321","","4"
"320","s","4"
"319","Is","4"
"318","oĎs","4"
"317","s","4"
"316","s","4"
"315","pcs","4"
"314","s","4"
"313","Ύs","4"
"312","Cs","4"
"311","Ðs","4"
"310","}s","4"
"309","Ίs","4"
"308","","4"
"307","","4"
"306","ы","4"
"305","{","4"
"304","t","4"
"303","s","4"
"302","˒","3"
"301","@","3"
"300","ˑ","3"
"299","쑺","3"
"298","R`","3"
"297","c","3"
"296","s","3"
"295","yĒ","3"
"294","䑺","3"
"293","㑺","3"
"292","c씨","3"
"291","","3"
"290","Rc","3"
"289","ƒ","3"
"288","Zc","3"
"287","","3"
"286","","3"
"285","ߐ쑺","3"
"284","_","3"
"283","O","3"
"282","P蒬","3"
"281","","3"
"280","c","3"
"279","a","3"
"278","ΒJ","3"
"277","唗","3"
"276","В","3"
"275","g","3"
"274","ʎR","3"
"273","","3"
"272","蒬","3"
"271","","3"
"270","Β","3"
"269","s","3"
"268","ˎs","3"
"267","]hs","3"
"266","Ύs","3"
"265","Ocs","3"
"264","֎s","3"
"263","s","3"
"262","vs","3"
"261","ks","3"
"260","Ԋs","3"
"259","s","3"
"258","Dns","3"
"257","{Îs","3"
"256","s","3"
"255","V","2"
"254","n","2"
"253","K㒬","2"
"252","암","2"
"251","쒬","2"
"250","cq","2"
"249","܌˒","2"
"248","O˒","2"
"247","䑺","2"
"246","ԉY","2"
"245","ʑ","2"
"244","Ԓ","2"
"243","Z","2"
"242","c","2"
"241","k","2"
"240","l","2"
"239","Z˒","2"
"238","SΒ","2"
"237","˒","2"
"236","Ӓn","2"
"235","","2"
"234","ߓc","2"
"233","","2"
"232","􃖊֑","2"
"231","cɊّ","2"
"230","꒬","2"
"229","㒬","2"
"228","k","2"
"227","蒬","2"
"226","ډ","2"
"225","n","2"
"224","ؒ","2"
"223","[Y","2"
"222","˃","2"
"221","Ol","2"
"220","Hc","2"
"219","ʒ","2"
"218","","2"
"217","s","2"
"216","ނs","2"
"215","Os","2"
"214","\acs","2"
"213","܏쌴s","2"
"212","Ύs","2"
"211","ˎs","2"
"210","OOs","2"
"209","Xs","2"
"208","P","1"
"207","WÒ","1"
"206","WÒ","1"
"205","ʊC","1"
"204","ʒ","1"
"203","f","1"
"202","ߋ","1"
"201","","1"
"200","q","1"
"199","W","1"
"198","l","1"
"197","ݒ","1"
"196","H","1"
"195","Yy","1"
"194","ʒ","1"
"193","","1"
"192","{ʒ","1"
"191","L","1"
"190","rc","1"
"189","ʒ","1"
"188","L","1"
"187","","1"
"186","ޑ","1"
"185","Xʑ","1"
"184","D","1"
"183","莺","1"
"182","","1"
"181","V","1"
"180","ǒ","1"
"179","my","1"
"178","my","1"
"177","X","1"
"176","","1"
"175","l","1"
"174","Y͒","1"
"173","OΒ","1"
"172","Ó","1"
"171","V","1"
"170","ʒ","1"
"169","撬","1"
"168","","1"
"167","ʒ","1"
"166","쒬","1"
"165","^","1"
"164","Ǖ","1"
"163","","1"
"162","V","1"
"161","s˒","1"
"160","ꑺ","1"
"159","ꑺ","1"
"158","c","1"
"157","LY","1"
"156","Y","1"
"155","","1"
"154","","1"
"153","㒬","1"
"152","Nʒ","1"
"151","Nʒ","1"
"150","y","1"
"149","C","1"
"148","CԒ","1"
"147","A","1"
"146","u˒","1"
"145","Pq{","1"
"144","[쒬","1"
"143","","1"
"142","","1"
"141","Η","1"
"140","Õʒ","1"
"139","y","1"
"138","ʒ","1"
"137","Ց","1"
"136","Kxm","1"
"135","K","1"
"134","當","1"
"133","Lx","1"
"132","̓o","1"
"131","}K","1"
"130","ڕʒ","1"
"129","lڕʒ","1"
"128","","1"
"127","y","1"
"126","V","1"
"125","ʒ","1"
"124","Rʑ","1"
"123","Hy","1"
"122","ϑO","1"
"121","","1"
"120","ђ","1"
"119","쒬","1"
"118","Ўq{","1"
"117","[","1"
"116","쒬","1"
"115","A","1"
"114","","1"
"113","a","1"
"112","芥","1"
"111","xǖ쒬","1"
"110","xǖ쒬","1"
"109","xǖ쒬","1"
"108","l","1"
"107","쒬","1"
"106","쒬","1"
"105","ʒ","1"
"104","z","1"
"103","","1"
"102","_y","1"
"101","鐲","1"
"100","y","1"
"99","c","1"
"98","k","1"
"97","J","1"
"96","ʒ","1"
"95","w","1"
"94","V\Ð쒬","1"
"93","YP","1"
"92","`","1"
"91","IR","1"
"90","","1"
"89","Rm","1"
"88","㍻쒬","1"
"87","ވ]","1"
"86","y","1"
"85","I","1"
"84","k","1"
"83","Ԉ쑺","1"
"82","]s","1"
"81","mؒ","1"
"80","Õ","1"
"79","ϒO","1"
"78","_b","1"
"77","","1"
"76","","1"
"75","a","1"
"74","m","1"
"73","ɒ","1"
"72","Εʒ","1"
"71","s","1"
"70","^둺","1"
"69","jZR","1"
"68","z","1"
"67","","1"
"66","s","1"
"65","q","1"
"64","Ȓ","1"
"63","","1"
"62","K","1"
"61","","1"
"60","򕔒","1"
"59","m","1"
"58","]","1"
"57","","1"
"56","_","1"
"55","X","1"
"54","","1"
"53","ђ","1"
"52","쒬","1"
"51","钬","1"
"50","،Ó","1"
"49","m","1"
"48","","1"
"47","O","1"
"46","VÑ","1"
"45","ʒ","1"
"44","Ύs","1"
"43","kLs","1"
"42","ɒBs","1"
"41","bs","1"
"40","oʎs","1"
"39","xǖs","1"
"38","[s","1"
"37","̎us","1"
"36","s","1"
"35","s","1"
"34","Ύs","1"
"33","s","1"
"32","O}s","1"
"31","s","1"
"30","mʎs","1"
"29","ʎs","1"
"28","ԕs","1"
"27","]ʎs","1"
"26","ʎs","1"
"25","Ss","1"
"24","ts","1"
"23","Ϗqs","1"
"22","Gs","1"
"21","ԑs","1"
"20","〈s","1"
"19","[s","1"
"18","ks","1"
"17","эLs","1"
"16","Hs","1"
"15","s","1"
"14","s","1"
"13","Ms","1"
"12","َs","1"
"11","c","1"
"10","","1"
"9","ʋ","1"
"8","","1"
"7","","1"
"6","L","1"
"5","΋","1"
"4","","1"
"3","k","1"
"2","","1"
"1","Dys","1"
